Workbook

Sheet NetData
A1: Year | B1: 1990 | C1: 2000 | D1: 2010 | E1: 2020
A2: Countries | B2: Net Out | C2: Net Out | D2: Net Out | E2: Net Out
A3: Argentina | B3: 835860 | C3: 1002352 | D3: 1473807 | E3: 1898433
A4: Bolivia | B4: 60983 | C4: 78401 | D4: 94993 | E4: 128062
A5: Brazil | B5: 137116 | C5: 155835 | D5: 201059 | E5: 494505
A6: Canada | B6: 384572 | C6: 490644 | D6: 615605 | E6: 703136
A7: Chile | B7: 65853 | C7: 128518 | D7: 276327 | E7: 1245860
A8: Colombia | B8: 74487 | C8: 81930 | D8: 99117 | E8: 1857719
A9: Costa Rica | B9: 191983 | C9: 281862 | D9: 368194 | E9: 474989
A10: Ecuador | B10: 65500 | C10: 104667 | D10: 284620 | E10: 666550
A11: El Salvador | B11: 43253 | C11: 29252 | D11: 37469 | E11: 39721
A12: Guatemala | B12: 259445 | C12: 42640 | D12: 58843 | E12: 72827
A13: Honduras | B13: 267307 | C13: 25260 | D13: 24223 | E13: 34771
A14: Mexico | B14: 629141 | C14: 450970 | D14: 872808 | E14: 1056512
... A21: Venezuela | B21: 677672 | C21: 677672 | D21: 1067282 | E21: 1053673
A22: Sum | B22: =SUM(B3:B21) -> 11053533 | C22: =SUM(C3:C21) -> 17893870 | D22: =SUM(D3:D21) -> 24360819 | E22: =SUM(E3:E21) -> 30042153
A23: Per capita | B23: =B22/CountryPop90!$B$22 -> 0.016226129 | C23: =C22/CountryPop00!$B$22 -> 0.022632623 | D23: =D22/CountryPop10!$B$22 -> 0.027557865 | E23: =E22/CountryPop20!$B$22 -> 0.030782008
A24: Per 1000 | B24: =B23*1000 -> 16.226129 | C24: =C23*1000 -> 22.632623 | D24: =D23*1000 -> 27.557865 | E24: =E23*1000 -> 30.782008

Sheet Net_Per1000
A1: Countries | B1: NetOut_90 | C1: NetIn_90 | D1: NetNet_90 | E1: NetOut_00 | F1: NetIn_00 | G1: NetNet_00 | H1: NetOut_10 | I1: NetIn_10 | J1: NetNet_10 | K1: NetOut_20 | L1: NetIn_20 | M1: NetNet_20 | O1: Correlation
A2: Argentina | B2: =NetData!B3/CountryPop90!$C3 -> 25.517846 | C2: =NetData!#REF!/CountryPop90!$C3 -> #REF! | D2: =C2-B2 -> #REF! | E2: =NetData!C3/CountryPop00!$C3 -> 26.934822 | F2: =NetData!#REF!/CountryPop00!$C3 -> #REF! | G2: =F2-E2 -> #REF! | H2: =NetData!D3/CountryPop10!$C3 -> 36.737629 | I2: =NetData!#REF!/CountryPop10!$C3 -> #REF! | J2: =I2-H2 -> #REF! | K2: =NetData!E3/CountryPop20!$C3 -> 41.837121 | L2: =NetData!#REF!/CountryPop20!$C3 -> #REF! | M2: =L2-K2 -> #REF! | O2: 90_20 | P2: 90_10 | Q2: 90_00 | R2: 00_20 | S2: 00_10 | T2: 10_20
A3: Bolivia | B3: =NetData!B4/CountryPop90!C4 -> 8.5937629 | C3: =NetData!#REF!/CountryPop90!$C4 -> #REF! | D3: =C3-B3 -> #REF! | E3: =NetData!C4/CountryPop00!$C4 -> 9.1096955 | F3: =NetData!#REF!/CountryPop00!$C4 -> #REF! | G3: =F3-E3 -> #REF! | H3: =NetData!D4/CountryPop10!$C4 -> 9.3291869 | I3: =NetData!#REF!/CountryPop10!$C4 -> #REF! | J3: =I3-H3 -> #REF! | K3: =NetData!E4/CountryPop20!$C4 -> 10.837742 | L3: =NetData!#REF!/CountryPop20!$C4 -> #REF! | M3: =L3-K3 -> #REF! | O3: =CORREL(D2:D20,M2:M20) -> #REF! | P3: =CORREL(D2:D20,J2:J20) -> #REF! | Q3: =CORREL(D2:D20,G2:G20) -> #REF! | R3: =CORREL(G2:G20,M2:M20) -> #REF! | S3: =CORREL(G2:G20,J2:J20) -> #REF! | T3: =CORREL(J2:J20,M2:M20) -> #REF!
A4: Brazil | B4: =NetData!B5/CountryPop90!C5 -> 0.9193579 | C4: =NetData!#REF!/CountryPop90!$C5 -> #REF! | D4: =C4-B4 -> #REF! | E4: =NetData!C5/CountryPop00!$C5 -> 0.89550936 | F4: =NetData!#REF!/CountryPop00!$C5 -> #REF! | G4: =F4-E4 -> #REF! | H4: =NetData!D5/CountryPop10!$C5 -> 1.0540125 | I4: =NetData!#REF!/CountryPop10!$C5 -> #REF! | J4: =I4-H4 -> #REF! | K4: =NetData!E5/CountryPop20!$C5 -> 2.3347734 | L4: =NetData!#REF!/CountryPop20!$C5 -> #REF! | M4: =L4-K4 -> #REF!
A5: Canada | B5: =NetData!B6/CountryPop90!C6 -> 13.838781 | C5: =NetData!#REF!/CountryPop90!$C6 -> #REF! | D5: =C5-B5 -> #REF! | E5: =NetData!C6/CountryPop00!$C6 -> 15.88266 | F5: =NetData!#REF!/CountryPop00!$C6 -> #REF! | G5: =F5-E5 -> #REF! | H5: =NetData!D6/CountryPop10!$C6 -> 18.001779 | I5: =NetData!#REF!/CountryPop10!$C6 -> #REF! | J5: =I5-H5 -> #REF! | K5: =NetData!E6/CountryPop20!$C6 -> 18.501029 | L5: =NetData!#REF!/CountryPop20!$C6 -> #REF! | M5: =L5-K5 -> #REF!
A6: Chile | B6: =NetData!B7/CountryPop90!C7 -> 4.9008065 | C6: =NetData!#REF!/CountryPop90!$C7 -> #REF! | D6: =C6-B6 -> #REF! | E6: =NetData!C7/CountryPop00!$C7 -> 8.2895404 | F6: =NetData!#REF!/CountryPop00!$C7 -> #REF! | G6: =F6-E6 -> #REF! | H6: =NetData!D7/CountryPop10!$C7 -> 16.082855 | I6: =NetData!#REF!/CountryPop10!$C7 -> #REF! | J6: =I6-H6 -> #REF! | K6: =NetData!E7/CountryPop20!$C7 -> 64.316978 | L6: =NetData!#REF!/CountryPop20!$C7 -> #REF! | M6: =L6-K6 -> #REF!
A7: Colombia | B7: =NetData!B8/CountryPop90!C8 -> 2.2961419 | C7: =NetData!#REF!/CountryPop90!$C8 -> #REF! | D7: =C7-B7 -> #REF! | E7: =NetData!C8/CountryPop00!$C8 -> 2.095936 | F7: =NetData!#REF!/CountryPop00!$C8 -> #REF! | G7: =F7-E7 -> #REF! | H7: =NetData!D8/CountryPop10!$C8 -> 2.2135537 | I7: =NetData!#REF!/CountryPop10!$C8 -> #REF! | J7: =I7-H7 -> #REF! | K7: =NetData!E8/CountryPop20!$C8 -> 36.692062 | L7: =NetData!#REF!/CountryPop20!$C8 -> #REF! | M7: =L7-K7 -> #REF!
A8: Costa Rica | B8: =NetData!B9/CountryPop90!C9 -> 60.78772 | C8: =NetData!#REF!/CountryPop90!$C9 -> #REF! | D8: =C8-B8 -> #REF! | E8: =NetData!C9/CountryPop00!$C9 -> 71.579673 | F8: =NetData!#REF!/CountryPop00!$C9 -> #REF! | G8: =F8-E8 -> #REF! | H8: =NetData!D9/CountryPop10!$C9 -> 80.815881 | I8: =NetData!#REF!/CountryPop10!$C9 -> #REF! | J8: =I8-H8 -> #REF! | K8: =NetData!E9/CountryPop20!$C9 -> 94.350199 | L8: =NetData!#REF!/CountryPop20!$C9 -> #REF! | M8: =L8-K8 -> #REF!
A9: Ecuador | B9: =NetData!B10/CountryPop90!C10 -> 6.2537761 | C9: =NetData!#REF!/CountryPop90!$C10 -> #REF! | D9: =C9-B9 -> #REF! | E9: =NetData!C10/CountryPop00!$C10 -> 8.2485073 | F9: =NetData!#REF!/CountryPop00!$C10 -> #REF! | G9: =F9-E9 -> #REF! | H9: =NetData!D10/CountryPop10!$C10 -> 18.878144 | I9: =NetData!#REF!/CountryPop10!$C10 -> #REF! | J9: =I9-H9 -> #REF! | K9: =NetData!E10/CountryPop20!$C10 -> 37.988577 | L9: =NetData!#REF!/CountryPop20!$C10 -> #REF! | M9: =L9-K9 -> #REF!
A10: El Salvador | B10: =NetData!B11/CountryPop90!C11 -> 8.0102213 | C10: =NetData!#REF!/CountryPop90!$C11 -> #REF! | D10: =C10-B10 -> #REF! | E10: =NetData!C11/CountryPop00!$C11 -> 4.9217909 | F10: =NetData!#REF!/CountryPop00!$C11 -> #REF! | G10: =F10-E10 -> #REF! | H10: =NetData!D11/CountryPop10!$C11 -> 6.1745983 | I10: =NetData!#REF!/CountryPop10!$C11 -> #REF! | J10: =I10-H10 -> #REF! | K10: =NetData!E11/CountryPop20!$C11 -> 6.3709837 | L10: =NetData!#REF!/CountryPop20!$C11 -> #REF! | M10: =L10-K10 -> #REF!
A11: Guatemala | B11: =NetData!B12/CountryPop90!C12 -> 28.748092 | C11: =NetData!#REF!/CountryPop90!$C12 -> #REF! | D11: =C11-B11 -> #REF! | E11: =NetData!C12/CountryPop00!$C12 -> 3.6451947 | F11: =NetData!#REF!/CountryPop00!$C12 -> #REF! | G11: =F11-E11 -> #REF! | H11: =NetData!D12/CountryPop10!$C12 -> 4.0581066 | I11: =NetData!#REF!/CountryPop10!$C12 -> #REF! | J11: =I11-H11 -> #REF! | K11: =NetData!E12/CountryPop20!$C12 -> 4.1957502 | L11: =NetData!#REF!/CountryPop20!$C12 -> #REF! | M11: =L11-K11 -> #REF!
A12: Honduras | B12: =NetData!B13/CountryPop90!C13 -> 53.670856 | C12: =NetData!#REF!/CountryPop90!$C13 -> #REF! | D12: =C12-B12 -> #REF! | E12: =NetData!C13/CountryPop00!$C13 -> 3.8951426 | F12: =NetData!#REF!/CountryPop00!$C13 -> #REF! | G12: =F12-E12 -> #REF! | H12: =NetData!D13/CountryPop10!$C13 -> 3.010568 | I12: =NetData!#REF!/CountryPop10!$C13 -> #REF! | J12: =I12-H12 -> #REF! | K12: =NetData!E13/CountryPop20!$C13 -> 3.5105886 | L12: =NetData!#REF!/CountryPop20!$C13 -> #REF! | M12: =L12-K12 -> #REF!
A13: Mexico | B13: =NetData!B14/CountryPop90!C14 -> 7.7433077 | C13: =NetData!#REF!/CountryPop90!$C14 -> #REF! | D13: =C13-B13 -> #REF! | E13: =NetData!C14/CountryPop00!$C14 -> 4.6261204 | F13: =NetData!#REF!/CountryPop00!$C14 -> #REF! | G13: =F13-E13 -> #REF! | H13: =NetData!D14/CountryPop10!$C14 -> 7.7695825 | I13: =NetData!#REF!/CountryPop10!$C14 -> #REF! | J13: =I13-H13 -> #REF! | K13: =NetData!E14/CountryPop20!$C14 -> 8.1942871 | L13: =NetData!#REF!/CountryPop20!$C14 -> #REF! | M13: =L13-K13 -> #REF!
A14: Nicaragua | B14: =NetData!B15/CountryPop90!C15 -> 8.697056 | C14: =NetData!#REF!/CountryPop90!$C15 -> #REF! | D14: =C14-B14 -> #REF! | E14: =NetData!C15/CountryPop00!$C15 -> 5.0654316 | F14: =NetData!#REF!/CountryPop00!$C15 -> #REF! | G14: =F14-E14 -> #REF! | H14: =NetData!D15/CountryPop10!$C15 -> 5.4230505 | I14: =NetData!#REF!/CountryPop10!$C15 -> #REF! | J14: =I14-H14 -> #REF! | K14: =NetData!E15/CountryPop20!$C15 -> 5.3982502 | L14: =NetData!#REF!/CountryPop20!$C15 -> #REF! | M14: =L14-K14 -> #REF!
A15: Panama | B15: =NetData!B16/CountryPop90!C16 -> 15.064447 | C15: =NetData!#REF!/CountryPop90!$C16 -> #REF! | D15: =C15-B15 -> #REF! | E15: =NetData!C16/CountryPop00!$C16 -> 18.047131 | F15: =NetData!#REF!/CountryPop00!$C16 -> #REF! | G15: =F15-E15 -> #REF! | H15: =NetData!D16/CountryPop10!$C16 -> 31.973864 | I15: =NetData!#REF!/CountryPop10!$C16 -> #REF! | J15: =I15-H15 -> #REF! | K15: =NetData!E16/CountryPop20!$C16 -> 56.875377 | L15: =NetData!#REF!/CountryPop20!$C16 -> #REF! | M15: =L15-K15 -> #REF!
... A20: Venezuela | B20: =NetData!B21/CountryPop90!C21 -> 34.3115 | C20: =NetData!#REF!/CountryPop90!$C21 -> #REF! | D20: =C20-B20 -> #REF! | E20: =NetData!C21/CountryPop00!$C21 -> 29.169072 | F20: =NetData!#REF!/CountryPop00!$C21 -> #REF! | G20: =F20-E20 -> #REF! | H20: =NetData!D21/CountryPop10!$C21 -> 37.014904 | I20: =NetData!#REF!/CountryPop10!$C21 -> #REF! | J20: =I20-H20 -> #REF! | K20: =NetData!E21/CountryPop20!$C21 -> 37.05427 | L20: =NetData!#REF!/CountryPop20!$C21 -> #REF! | M20: =L20-K20 -> #REF!

Sheet CountryPop90
A1: 1990
A2: Country | B2: Population | C2: Per 1000
A3: Argentina | B3: 32755900 | C3: =B3/1000 -> 32755.9
A4: Bolivia | B4: 7096193 | C4: =B4/1000 -> 7096.193
A5: Brazil | B5: 149143223 | C5: =B5/1000 -> 149143.22
A6: Canada | B6: 27789442 | C6: =B6/1000 -> 27789.442
A7: Chile | B7: 13437176 | C7: =B7/1000 -> 13437.176
A8: Colombia | B8: 32440068 | C8: =B8/1000 -> 32440.068
A9: Costa Rica | B9: 3158253 | C9: =B9/1000 -> 3158.253
A10: Ecuador | B10: 10473672 | C10: =B10/1000 -> 10473.672
A11: El Salvador | B11: 5399726 | C11: =B11/1000 -> 5399.726
A12: Guatemala | B12: 9024773 | C12: =B12/1000 -> 9024.773
A13: Honduras | B13: 4980487 | C13: =B13/1000 -> 4980.487
A14: Mexico | B14: 81249645 | C14: =B14/1000 -> 81249.645
... A21: Venezuela | B21: 19750579 | C21: =B21/1000 -> 19750.579
A22: Sum | B22: =SUM(B3:B21) -> 681218128

Sheet CountryPop00
A1: 2000
A2: Country | B2: Population | C2: Per 1000
A3: Argentina | B3: 37213983 | C3: =B3/1000 -> 37213.983
A4: Bolivia | B4: 8606325 | C4: =B4/1000 -> 8606.325
A5: Brazil | B5: 174018281 | C5: =B5/1000 -> 174018.28
A6: Canada | B6: 30891802 | C6: =B6/1000 -> 30891.802
A7: Chile | B7: 15503634 | C7: =B7/1000 -> 15503.634
A8: Colombia | B8: 39089934 | C8: =B8/1000 -> 39089.934
A9: Costa Rica | B9: 3937738 | C9: =B9/1000 -> 3937.738
A10: Ecuador | B10: 12689205 | C10: =B10/1000 -> 12689.205
A11: El Salvador | B11: 5943365 | C11: =B11/1000 -> 5943.365
A12: Guatemala | B12: 11697592 | C12: =B12/1000 -> 11697.592
A13: Honduras | B13: 6485000 | C13: =B13/1000 -> 6485
A14: Mexico | B14: 97483412 | C14: =B14/1000 -> 97483.412
... A21: Venezuela | B21: 23232553 | C21: =B21/1000 -> 23232.553
A22: Sum | B22: =SUM(B3:B21) -> 790622907

Sheet CountryPop10
A1: 2010
A2: Country | B2: Population | C2: Population per 1000
A3: Argentina | B3: 40117096 | C3: =B3/1000 -> 40117.096
A4: Bolivia | B4: 10182345 | C4: =B4/1000 -> 10182.345
A5: Brazil | B5: 190755799 | C5: =B5/1000 -> 190755.8
A6: Canada | B6: 34196898 | C6: =B6/1000 -> 34196.898
A7: Chile | B7: 17181464 | C7: =B7/1000 -> 17181.464
A8: Colombia | B8: 44777318 | C8: =B8/1000 -> 44777.318
A9: Costa Rica | B9: 4555961 | C9: =B9/1000 -> 4555.961
A10: Ecuador | B10: 15076694 | C10: =B10/1000 -> 15076.694
A11: El Salvador | B11: 6068249 | C11: =B11/1000 -> 6068.249
A12: Guatemala | B12: 14500112 | C12: =B12/1000 -> 14500.112
A13: Honduras | B13: 8045990 | C13: =B13/1000 -> 8045.99
A14: Mexico | B14: 112336538 | C14: =B14/1000 -> 112336.54
... A21: Venezuela | B21: 28833845 | C21: =B21/1000 -> 28833.845
A22: Sum | B22: =SUM(B3:B21) -> 883987907

Sheet CountryPop20
A1: 2020
A2: Country | B2: Population | C2: Population (in thousands)
A3: Argentina | B3: 45376760 | C3: =B3/1000 -> 45376.76
A4: Bolivia | B4: 11816299 | C4: =B4/1000 -> 11816.299
A5: Brazil | B5: 211800000 | C5: =B5/1000 -> 211800
A6: Canada | B6: 38005238 | C6: =B6/1000 -> 38005.238
A7: Chile | B7: 19370624 | C7: =B7/1000 -> 19370.624
A8: Colombia | B8: 50629997 | C8: =B8/1000 -> 50629.997
A9: Costa Rica | B9: 5034319 | C9: =B9/1000 -> 5034.319
A10: Ecuador | B10: 17546064 | C10: =B10/1000 -> 17546.064
A11: El Salvador | B11: 6234673 | C11: =B11/1000 -> 6234.673
A12: Guatemala | B12: 17357325 | C12: =B12/1000 -> 17357.325
A13: Honduras | B13: 9904607 | C13: =B13/1000 -> 9904.607
A14: Mexico | B14: 128932753 | C14: =B14/1000 -> 128932.75
... A21: Venezuela | B21: 28435940 | C21: =B21/1000 -> 28435.94
A22: Sum | B22: =SUM(B3:B21) -> 975964693
