Workbook

Sheet NetData
A1: Year | B1: 1990 | E1: 2000 | H1: 2010 | K1: 2020
A2: Countries | B2: Net Out | C2: Net In | D2: NetNet | E2: Net Out | F2: Net In | G2: NetNet | H2: Net Out | I2: Net In | J2: NetNet | K2: Net Out | L2: Net In | M2: NetNet
A3: Argentina | B3: 103684 | C3: 660924 | D3: =C3-B3 -> 557240 | E3: 143807 | F3: 784534 | G3: =F3-E3 -> 640727 | H3: 226403 | I3: 1244491 | J3: =I3-H3 -> 1018088 | K3: 260056 | L3: 1589110 | M3: =L3-K3 -> 1329054
A4: Bolivia | B4: 173992 | C4: 10994 | D4: =C4-B4 -> -162998 | E4: 274525 | F4: 15643 | G4: =F4-E4 -> -258882 | H4: 446361 | I4: 13443 | J4: =I4-H4 -> -432918 | K4: 614280 | L4: 18824 | M4: =L4-K4 -> -595456
A5: Brazil | B5: 177082 | C5: 50217 | D5: =C5-B5 -> -126865 | E5: 280302 | F5: 50715 | G5: =F5-E5 -> -229587 | H5: 407558 | I5: 46772 | J5: =I5-H5 -> -360786 | K5: 573206 | L5: 286623 | M5: =L5-K5 -> -286583
A6: Canada | B6: 506052 | C6: 131174 | D6: =C6-B6 -> -374878 | E6: 585660 | F6: 188333 | G6: =F6-E6 -> -397327 | H6: 605497 | I6: 300776 | J6: =I6-H6 -> -304721 | K6: 520671 | L6: 367734 | M6: =L6-K6 -> -152937
A7: Chile | B7: 311424 | C7: 6436 | D7: =C7-B7 -> -304988 | E7: 268755 | F7: 44344 | G7: =F7-E7 -> -224411 | H7: 228806 | I7: 162721 | J7: =I7-H7 -> -66085 | K7: 209264 | L7: 1066219 | M7: =L7-K7 -> 856955
A8: Colombia | B8: 851080 | C8: 665 | D8: =C8-B8 -> -850415 | E8: 1140346 | F8: 0 | G8: =F8-E8 -> -1140346 | H8: 1888990 | I8: 1664 | J8: =I8-H8 -> -1887326 | K8: 1327716 | L8: 862930 | M8: =L8-K8 -> -464786
A9: Costa Rica | B9: 36061 | C9: 164565 | D9: =C9-B9 -> 128504 | E9: 66837 | F9: 250321 | G9: =F9-E9 -> 183484 | H9: 80901 | I9: 326718 | J9: =I9-H9 -> 245817 | K9: 84257 | L9: 423155 | M9: =L9-K9 -> 338898
A10: Ecuador | B10: 165419 | C10: 33297 | D10: =C10-B10 -> -132122 | E10: 334017 | F10: 62869 | G10: =F10-E10 -> -271148 | H10: 465029 | I10: 218126 | J10: =I10-H10 -> -246903 | K10: 445171 | L10: 546575 | M10: =L10-K10 -> 101404
A11: El Salvador | B11: 1176084 | C11: 894 | D11: =C11-B11 -> -1175190 | E11: 893850 | F11: 5545 | G11: =F11-E11 -> -888305 | H11: 1262342 | I11: 10518 | J11: =I11-H11 -> -1251824 | K11: 1504352 | L11: 8384 | M11: =L11-K11 -> -1495968
A12: Guatemala | B12: 297067 | C12: 233497 | D12: =C12-B12 -> -63570 | E12: 521454 | F12: 12606 | G12: =F12-E12 -> -508848 | H12: 845746 | I12: 19129 | J12: =I12-H12 -> -826617 | K12: 1267215 | L12: 24394 | M12: =L12-K12 -> -1242821
A13: Honduras | B13: 113927 | C13: 232612 | D13: =C13-B13 -> 118685 | E13: 304637 | F13: 712 | G13: =F13-E13 -> -303925 | H13: 520929 | I13: 463 | J13: =I13-H13 -> -520466 | K13: 829085 | L13: 485 | M13: =L13-K13 -> -828600
A14: Mexico | B14: 4126095 | C14: 403406 | D14: =C14-B14 -> -3722689 | E14: 9096017 | F14: 48773 | G14: =F14-E14 -> -9047244 | H14: 11496358 | I14: 76521 | J14: =I14-H14 -> -11419837 | K14: 10149384 | L14: 187229 | M14: =L14-K14 -> -9962155
... A21: Venezuela | B21: 32838 | C21: 617100 | D21: =C21-B21 -> 584262 | E21: 105224 | F21: 600529 | G21: =F21-E21 -> 495305 | H21: 199937 | I21: 979169 | J21: =I21-H21 -> 779232 | K21: 3776131 | L21: 2744 | M21: =L21-K21 -> -3773387
A22: Sum | B22: =SUM(B3:B21) -> 9188221 | C22: =SUM(C3:C21) -> 9188221 | E22: =SUM(E3:E21) -> 15442661 | F22: =SUM(F3:F21) -> 15442661 | H22: =SUM(H3:H21) -> 20860638 | I22: =SUM(I3:I21) -> 20860638 | K22: =SUM(K3:K21) -> 23974602 | L22: =SUM(L3:L21) -> 23974602
A23: Per capita | B23: =B22/CountryPop90!$B$22 -> 0.013487928 | C23: =C22/CountryPop90!$B$22 -> 0.013487928 | E23: =E22/CountryPop00!$B$22 -> 0.019532271 | F23: =F22/CountryPop00!$B$22 -> 0.019532271 | H23: =H22/CountryPop10!$B$22 -> 0.02359833 | I23: =I22/CountryPop10!$B$22 -> 0.02359833 | K23: =K22/CountryPop20!$B$22 -> 0.02456503 | L23: =L22/CountryPop20!$B$22 -> 0.02456503
A24: Per 1000 | B24: =B23*1000 -> 13.487928 | C24: =C23*1000 -> 13.487928 | E24: =E23*1000 -> 19.532271 | F24: =F23*1000 -> 19.532271 | H24: =H23*1000 -> 23.59833 | I24: =I23*1000 -> 23.59833 | K24: =K23*1000 -> 24.56503 | L24: =L23*1000 -> 24.56503

Sheet Net_Per1000
A1: Countries | B1: NetOut_90 | C1: NetIn_90 | D1: NetNet_90 | E1: NetOut_00 | F1: NetIn_00 | G1: NetNet_00 | H1: NetOut_10 | I1: NetIn_10 | J1: NetNet_10 | K1: NetOut_20 | L1: NetIn_20 | M1: NetNet_20 | O1: Correlation
A2: Argentina | B2: =NetData!B3/CountryPop90!$C3 -> 3.1653534 | C2: =NetData!C3/CountryPop90!$C3 -> 20.177251 | D2: =C2-B2 -> 17.011897 | E2: =NetData!E3/CountryPop00!$C3 -> 3.864327 | F2: =NetData!F3/CountryPop00!$C3 -> 21.081699 | G2: =F2-E2 -> 17.217372 | H2: =NetData!H3/CountryPop10!$C3 -> 5.6435541 | I2: =NetData!I3/CountryPop10!$C3 -> 31.021463 | J2: =I2-H2 -> 25.377909 | K2: =NetData!K3/CountryPop20!$C3 -> 5.7310394 | L2: =NetData!L3/CountryPop20!$C3 -> 35.02035 | M2: =L2-K2 -> 29.28931 | O2: 90_20 | P2: 90_10 | Q2: 90_00 | R2: 00_20 | S2: 00_10 | T2: 10_20
A3: Bolivia | B3: =NetData!B4/CountryPop90!C4 -> 24.519063 | C3: =NetData!C4/CountryPop90!$C4 -> 1.5492814 | D3: =C3-B3 -> -22.969781 | E3: =NetData!E4/CountryPop00!$C4 -> 31.898052 | F3: =NetData!F4/CountryPop00!$C4 -> 1.8176167 | G3: =F3-E3 -> -30.080435 | H3: =NetData!H4/CountryPop10!$C4 -> 43.836759 | I3: =NetData!I4/CountryPop10!$C4 -> 1.3202263 | J3: =I3-H3 -> -42.516532 | K3: =NetData!K4/CountryPop20!$C4 -> 51.985821 | L3: =NetData!L4/CountryPop20!$C4 -> 1.5930538 | M3: =L3-K3 -> -50.392767 | O3: =CORREL(D2:D20,M2:M20) -> 0.6746167 | P3: =CORREL(D2:D20,J2:J20) -> 0.86205517 | Q3: =CORREL(D2:D20,G2:G20) -> 0.87032641 | R3: =CORREL(G2:G20,M2:M20) -> 0.7585526 | S3: =CORREL(G2:G20,J2:J20) -> 0.9733818 | T3: =CORREL(J2:J20,M2:M20) -> 0.81731599
A4: Brazil | B4: =NetData!B5/CountryPop90!C5 -> 1.1873285 | C4: =NetData!C5/CountryPop90!$C5 -> 0.3367032 | D4: =C4-B4 -> -0.85062531 | E4: =NetData!E5/CountryPop00!$C5 -> 1.6107618 | F4: =NetData!F5/CountryPop00!$C5 -> 0.2914349 | G4: =F4-E4 -> -1.3193269 | H4: =NetData!H5/CountryPop10!$C5 -> 2.1365432 | I4: =NetData!I5/CountryPop10!$C5 -> 0.24519307 | J4: =I4-H4 -> -1.8913501 | K4: =NetData!K5/CountryPop20!$C5 -> 2.7063551 | L4: =NetData!L5/CountryPop20!$C5 -> 1.353272 | M4: =L4-K4 -> -1.3530831
A5: Canada | B5: =NetData!B6/CountryPop90!C6 -> 18.210225 | C5: =NetData!C6/CountryPop90!$C6 -> 4.7202819 | D5: =C5-B5 -> -13.489943 | E5: =NetData!E6/CountryPop00!$C6 -> 18.958428 | F5: =NetData!F6/CountryPop00!$C6 -> 6.0965366 | G5: =F5-E5 -> -12.861891 | H5: =NetData!H6/CountryPop10!$C6 -> 17.706197 | I5: =NetData!I6/CountryPop10!$C6 -> 8.7954176 | J5: =I5-H5 -> -8.910779 | K5: =NetData!K6/CountryPop20!$C6 -> 13.69998 | L5: =NetData!L6/CountryPop20!$C6 -> 9.6758768 | M5: =L5-K5 -> -4.0241032
A6: Chile | B6: =NetData!B7/CountryPop90!C7 -> 23.176298 | C6: =NetData!C7/CountryPop90!$C7 -> 0.47896969 | D6: =C6-B6 -> -22.697329 | E6: =NetData!E7/CountryPop00!$C7 -> 17.334968 | F6: =NetData!F7/CountryPop00!$C7 -> 2.8602326 | G6: =F6-E6 -> -14.474735 | H6: =NetData!H7/CountryPop10!$C7 -> 13.317026 | I6: =NetData!I7/CountryPop10!$C7 -> 9.4707296 | J6: =I6-H6 -> -3.8462962 | K6: =NetData!K7/CountryPop20!$C7 -> 10.803163 | L6: =NetData!L7/CountryPop20!$C7 -> 55.04309 | M6: =L6-K6 -> 44.239927
A7: Colombia | B7: =NetData!B8/CountryPop90!C8 -> 26.235457 | C7: =NetData!C8/CountryPop90!$C8 -> 0.020499341 | D7: =C7-B7 -> -26.214957 | E7: =NetData!E8/CountryPop00!$C8 -> 29.17237 | F7: =NetData!F8/CountryPop00!$C8 -> 0 | G7: =F7-E7 -> -29.17237 | H7: =NetData!H8/CountryPop10!$C8 -> 42.186314 | I7: =NetData!I8/CountryPop10!$C8 -> 0.037161672 | J7: =I7-H7 -> -42.149152 | K7: =NetData!K8/CountryPop20!$C8 -> 26.2239 | L7: =NetData!L8/CountryPop20!$C8 -> 17.043849 | M7: =L7-K7 -> -9.1800519
A8: Costa Rica | B8: =NetData!B9/CountryPop90!C9 -> 11.418021 | C8: =NetData!C9/CountryPop90!$C9 -> 52.106339 | D8: =C8-B8 -> 40.688317 | E8: =NetData!E9/CountryPop00!$C9 -> 16.97345 | F8: =NetData!F9/CountryPop00!$C9 -> 63.569745 | G8: =F8-E8 -> 46.596295 | H8: =NetData!H9/CountryPop10!$C9 -> 17.757176 | I8: =NetData!I9/CountryPop10!$C9 -> 71.712203 | J8: =I8-H8 -> 53.955027 | K8: =NetData!K9/CountryPop20!$C9 -> 16.736524 | L8: =NetData!L9/CountryPop20!$C9 -> 84.05407 | M8: =L8-K8 -> 67.317546
A9: Ecuador | B9: =NetData!B10/CountryPop90!C10 -> 15.793792 | C9: =NetData!C10/CountryPop90!$C10 -> 3.1791143 | D9: =C9-B9 -> -12.614678 | E9: =NetData!E10/CountryPop00!$C10 -> 26.322926 | F9: =NetData!F10/CountryPop00!$C10 -> 4.9545263 | G9: =F9-E9 -> -21.368399 | H9: =NetData!H10/CountryPop10!$C10 -> 30.844229 | I9: =NetData!I10/CountryPop10!$C10 -> 14.467761 | J9: =I9-H9 -> -16.376468 | K9: =NetData!K10/CountryPop20!$C10 -> 25.371559 | L9: =NetData!L10/CountryPop20!$C10 -> 31.150861 | M9: =L9-K9 -> 5.7793018
A10: El Salvador | B10: =NetData!B11/CountryPop90!C11 -> 217.80438 | C10: =NetData!C11/CountryPop90!$C11 -> 0.16556396 | D10: =C10-B10 -> -217.63882 | E10: =NetData!E11/CountryPop00!$C11 -> 150.3946 | F10: =NetData!F11/CountryPop00!$C11 -> 0.93297316 | G10: =F10-E10 -> -149.46163 | H10: =NetData!H11/CountryPop10!$C11 -> 208.02409 | I10: =NetData!I11/CountryPop10!$C11 -> 1.7332842 | J10: =I10-H10 -> -206.29081 | K10: =NetData!K11/CountryPop20!$C11 -> 241.28804 | L10: =NetData!L11/CountryPop20!$C11 -> 1.3447377 | M10: =L10-K10 -> -239.9433
A11: Guatemala | B11: =NetData!B12/CountryPop90!C12 -> 32.916839 | C11: =NetData!C12/CountryPop90!$C12 -> 25.872895 | D11: =C11-B11 -> -7.0439445 | E11: =NetData!E12/CountryPop00!$C12 -> 44.577893 | F11: =NetData!F12/CountryPop00!$C12 -> 1.0776577 | G11: =F11-E11 -> -43.500235 | H11: =NetData!H12/CountryPop10!$C12 -> 58.32686 | I11: =NetData!I12/CountryPop10!$C12 -> 1.3192312 | J11: =I11-H11 -> -57.007629 | K11: =NetData!K12/CountryPop20!$C12 -> 73.007505 | L11: =NetData!L12/CountryPop20!$C12 -> 1.4054009 | M11: =L11-K11 -> -71.602105
A12: Honduras | B12: =NetData!B13/CountryPop90!C13 -> 22.874671 | C12: =NetData!C13/CountryPop90!$C13 -> 46.70467 | D12: =C12-B12 -> 23.829999 | E12: =NetData!E13/CountryPop00!$C13 -> 46.975636 | F12: =NetData!F13/CountryPop00!$C13 -> 0.10979183 | G12: =F12-E12 -> -46.865844 | H12: =NetData!H13/CountryPop10!$C13 -> 64.743928 | I12: =NetData!I13/CountryPop10!$C13 -> 0.057544193 | J12: =I12-H12 -> -64.686384 | K12: =NetData!K13/CountryPop20!$C13 -> 83.707006 | L12: =NetData!L13/CountryPop20!$C13 -> 0.048967112 | M12: =L12-K12 -> -83.658039
A13: Mexico | B13: =NetData!B14/CountryPop90!C14 -> 50.78293 | C13: =NetData!C14/CountryPop90!$C14 -> 4.9650186 | D13: =C13-B13 -> -45.817911 | E13: =NetData!E14/CountryPop00!$C14 -> 93.308357 | F13: =NetData!F14/CountryPop00!$C14 -> 0.50032102 | G13: =F13-E13 -> -92.808036 | H13: =NetData!H14/CountryPop10!$C14 -> 102.33855 | I13: =NetData!I14/CountryPop10!$C14 -> 0.68117641 | J13: =I13-H13 -> -101.65737 | K13: =NetData!K14/CountryPop20!$C14 -> 78.718431 | L13: =NetData!L14/CountryPop20!$C14 -> 1.4521446 | M13: =L13-K13 -> -77.266286
A14: Nicaragua | B14: =NetData!B15/CountryPop90!C15 -> 98.098333 | C14: =NetData!C15/CountryPop90!$C15 -> 2.2017711 | D14: =C14-B14 -> -95.896562 | E14: =NetData!E15/CountryPop00!$C15 -> 93.108396 | F14: =NetData!F15/CountryPop00!$C15 -> 0.85080804 | G14: =F14-E14 -> -92.257588 | H14: =NetData!H15/CountryPop10!$C15 -> 96.936448 | I14: =NetData!I15/CountryPop10!$C15 -> 1.0687049 | J14: =I14-H14 -> -95.867743 | K14: =NetData!K15/CountryPop20!$C15 -> 95.840565 | L14: =NetData!L15/CountryPop20!$C15 -> 0.80865821 | M14: =L14-K14 -> -95.031907
A15: Panama | B15: =NetData!B16/CountryPop90!C16 -> 46.319754 | C15: =NetData!C16/CountryPop90!$C16 -> 9.2014809 | D15: =C15-B15 -> -37.118273 | E15: =NetData!E16/CountryPop00!$C16 -> 39.100063 | F15: =NetData!F16/CountryPop00!$C16 -> 11.114136 | G15: =F15-E15 -> -27.985927 | H15: =NetData!H16/CountryPop10!$C16 -> 29.678376 | I15: =NetData!I16/CountryPop10!$C16 -> 23.045599 | J15: =I15-H15 -> -6.6327775 | K15: =NetData!K16/CountryPop20!$C16 -> 20.379084 | L15: =NetData!L16/CountryPop20!$C16 -> 47.253768 | M15: =L15-K15 -> 26.874684
... A20: Venezuela | B20: =NetData!B21/CountryPop90!C21 -> 1.6626348 | C20: =NetData!C21/CountryPop90!$C21 -> 31.244654 | D20: =C20-B20 -> 29.582019 | E20: =NetData!E21/CountryPop00!$C21 -> 4.5291622 | F20: =NetData!F21/CountryPop00!$C21 -> 25.848601 | G20: =F20-E20 -> 21.319439 | H20: =NetData!H21/CountryPop10!$C21 -> 6.9341082 | I20: =NetData!I21/CountryPop10!$C21 -> 33.959016 | J20: =I20-H20 -> 27.024908 | K20: =NetData!K21/CountryPop20!$C21 -> 132.79431 | L20: =NetData!L21/CountryPop20!$C21 -> 0.096497601 | M20: =L20-K20 -> -132.69781

Sheet CountryPop90
A1: 1990
A2: Country | B2: Population | C2: Per 1000
A3: Argentina | B3: 32755900 | C3: =B3/1000 -> 32755.9
A4: Bolivia | B4: 7096193 | C4: =B4/1000 -> 7096.193
A5: Brazil | B5: 149143223 | C5: =B5/1000 -> 149143.22
A6: Canada | B6: 27789442 | C6: =B6/1000 -> 27789.442
A7: Chile | B7: 13437176 | C7: =B7/1000 -> 13437.176
A8: Colombia | B8: 32440068 | C8: =B8/1000 -> 32440.068
A9: Costa Rica | B9: 3158253 | C9: =B9/1000 -> 3158.253
A10: Ecuador | B10: 10473672 | C10: =B10/1000 -> 10473.672
A11: El Salvador | B11: 5399726 | C11: =B11/1000 -> 5399.726
A12: Guatemala | B12: 9024773 | C12: =B12/1000 -> 9024.773
A13: Honduras | B13: 4980487 | C13: =B13/1000 -> 4980.487
A14: Mexico | B14: 81249645 | C14: =B14/1000 -> 81249.645
... A21: Venezuela | B21: 19750579 | C21: =B21/1000 -> 19750.579
A22: Sum | B22: =SUM(B3:B21) -> 681218128

Sheet CountryPop00
A1: 2000
A2: Country | B2: Population | C2: Per 1000
A3: Argentina | B3: 37213983 | C3: =B3/1000 -> 37213.983
A4: Bolivia | B4: 8606325 | C4: =B4/1000 -> 8606.325
A5: Brazil | B5: 174018281 | C5: =B5/1000 -> 174018.28
A6: Canada | B6: 30891802 | C6: =B6/1000 -> 30891.802
A7: Chile | B7: 15503634 | C7: =B7/1000 -> 15503.634
A8: Colombia | B8: 39089934 | C8: =B8/1000 -> 39089.934
A9: Costa Rica | B9: 3937738 | C9: =B9/1000 -> 3937.738
A10: Ecuador | B10: 12689205 | C10: =B10/1000 -> 12689.205
A11: El Salvador | B11: 5943365 | C11: =B11/1000 -> 5943.365
A12: Guatemala | B12: 11697592 | C12: =B12/1000 -> 11697.592
A13: Honduras | B13: 6485000 | C13: =B13/1000 -> 6485
A14: Mexico | B14: 97483412 | C14: =B14/1000 -> 97483.412
... A21: Venezuela | B21: 23232553 | C21: =B21/1000 -> 23232.553
A22: Sum | B22: =SUM(B3:B21) -> 790622907

Sheet CountryPop10
A1: 2010
A2: Country | B2: Population | C2: Population per 1000
A3: Argentina | B3: 40117096 | C3: =B3/1000 -> 40117.096
A4: Bolivia | B4: 10182345 | C4: =B4/1000 -> 10182.345
A5: Brazil | B5: 190755799 | C5: =B5/1000 -> 190755.8
A6: Canada | B6: 34196898 | C6: =B6/1000 -> 34196.898
A7: Chile | B7: 17181464 | C7: =B7/1000 -> 17181.464
A8: Colombia | B8: 44777318 | C8: =B8/1000 -> 44777.318
A9: Costa Rica | B9: 4555961 | C9: =B9/1000 -> 4555.961
A10: Ecuador | B10: 15076694 | C10: =B10/1000 -> 15076.694
A11: El Salvador | B11: 6068249 | C11: =B11/1000 -> 6068.249
A12: Guatemala | B12: 14500112 | C12: =B12/1000 -> 14500.112
A13: Honduras | B13: 8045990 | C13: =B13/1000 -> 8045.99
A14: Mexico | B14: 112336538 | C14: =B14/1000 -> 112336.54
... A21: Venezuela | B21: 28833845 | C21: =B21/1000 -> 28833.845
A22: Sum | B22: =SUM(B3:B21) -> 883987907

Sheet CountryPop20
A1: 2020
A2: Country | B2: Population | C2: Population (in thousands)
A3: Argentina | B3: 45376760 | C3: =B3/1000 -> 45376.76
A4: Bolivia | B4: 11816299 | C4: =B4/1000 -> 11816.299
A5: Brazil | B5: 211800000 | C5: =B5/1000 -> 211800
A6: Canada | B6: 38005238 | C6: =B6/1000 -> 38005.238
A7: Chile | B7: 19370624 | C7: =B7/1000 -> 19370.624
A8: Colombia | B8: 50629997 | C8: =B8/1000 -> 50629.997
A9: Costa Rica | B9: 5034319 | C9: =B9/1000 -> 5034.319
A10: Ecuador | B10: 17546064 | C10: =B10/1000 -> 17546.064
A11: El Salvador | B11: 6234673 | C11: =B11/1000 -> 6234.673
A12: Guatemala | B12: 17357325 | C12: =B12/1000 -> 17357.325
A13: Honduras | B13: 9904607 | C13: =B13/1000 -> 9904.607
A14: Mexico | B14: 128932753 | C14: =B14/1000 -> 128932.75
... A21: Venezuela | B21: 28435940 | C21: =B21/1000 -> 28435.94
A22: Sum | B22: =SUM(B3:B21) -> 975964693
