Workbook

Sheet Matrix_2000
B1: Argentina | C1: Bolivia | D1: Brazil | E1: Canada | F1: Chile | G1: Colombia | H1: Costa Rica | I1: Ecuador | J1: El Salvador | K1: Guatemala | L1: Honduras | M1: Mexico | N1: Nicaragua | O1: Panama | P1: Paraguay | Q1: Peru | R1: United States | S1: Uruguay | T1: Venezuela
A2: Argentina | B2: =_xlfn.IFNA(OFFSET(UNDESA_Data!$G$1,MATCH(B$1&"_"&$A2,UNDESA_Data!$L:$L,0)-1,0),0) -> 0 | C2: =_xlfn.IFNA(OFFSET(UNDESA_Data!$G$1,MATCH(C$1&"_"&$A2,UNDESA_Data!$L:$L,0)-1,0),0) -> 28095 | D2: =_xlfn.IFNA(OFFSET(UNDESA_Data!$G$1,MATCH(D$1&"_"&$A2,UNDESA_Data!$L:$L,0)-1,0),0) -> 27597 | E2: =_xlfn.IFNA(OFFSET(UNDESA_Data!$G$1,MATCH(E$1&"_"&$A2,UNDESA_Data!$L:$L,0)-1,0),0) -> 13698 | F2: =_xlfn.IFNA(OFFSET(UNDESA_Data!$G$1,MATCH(F$1&"_"&$A2,UNDESA_Data!$L:$L,0)-1,0),0) -> 45770 | G2: =_xlfn.IFNA(OFFSET(UNDESA_Data!$G$1,MATCH(G$1&"_"&$A2,UNDESA_Data!$L:$L,0)-1,0),0) -> 2582 | H2: =_xlfn.IFNA(OFFSET(UNDESA_Data!$G$1,MATCH(H$1&"_"&$A2,UNDESA_Data!$L:$L,0)-1,0),0) -> 1120 | I2: =_xlfn.IFNA(OFFSET(UNDESA_Data!$G$1,MATCH(I$1&"_"&$A2,UNDESA_Data!$L:$L,0)-1,0),0) -> 2239 | ... T2: =_xlfn.IFNA(OFFSET(UNDESA_Data!$G$1,MATCH(T$1&"_"&$A2,UNDESA_Data!$L:$L,0)-1,0),0) -> 8724
A3: Bolivia | B3: =_xlfn.IFNA(OFFSET(UNDESA_Data!$G$1,MATCH(B$1&"_"&$A3,UNDESA_Data!$L:$L,0)-1,0),0) -> 226137 | C3: =_xlfn.IFNA(OFFSET(UNDESA_Data!$G$1,MATCH(C$1&"_"&$A3,UNDESA_Data!$L:$L,0)-1,0),0) -> 0 | D3: =_xlfn.IFNA(OFFSET(UNDESA_Data!$G$1,MATCH(D$1&"_"&$A3,UNDESA_Data!$L:$L,0)-1,0),0) -> 20437 | E3: =_xlfn.IFNA(OFFSET(UNDESA_Data!$G$1,MATCH(E$1&"_"&$A3,UNDESA_Data!$L:$L,0)-1,0),0) -> 2397 | F3: =_xlfn.IFNA(OFFSET(UNDESA_Data!$G$1,MATCH(F$1&"_"&$A3,UNDESA_Data!$L:$L,0)-1,0),0) -> 10568 | G3: =_xlfn.IFNA(OFFSET(UNDESA_Data!$G$1,MATCH(G$1&"_"&$A3,UNDESA_Data!$L:$L,0)-1,0),0) -> 671 | H3: =_xlfn.IFNA(OFFSET(UNDESA_Data!$G$1,MATCH(H$1&"_"&$A3,UNDESA_Data!$L:$L,0)-1,0),0) -> 282 | I3: =_xlfn.IFNA(OFFSET(UNDESA_Data!$G$1,MATCH(I$1&"_"&$A3,UNDESA_Data!$L:$L,0)-1,0),0) -> 634 | ... T3: =_xlfn.IFNA(OFFSET(UNDESA_Data!$G$1,MATCH(T$1&"_"&$A3,UNDESA_Data!$L:$L,0)-1,0),0) -> 1838
A4: Brazil | B4: =_xlfn.IFNA(OFFSET(UNDESA_Data!$G$1,MATCH(B$1&"_"&$A4,UNDESA_Data!$L:$L,0)-1,0),0) -> 32925 | C4: =_xlfn.IFNA(OFFSET(UNDESA_Data!$G$1,MATCH(C$1&"_"&$A4,UNDESA_Data!$L:$L,0)-1,0),0) -> 14801 | D4: =_xlfn.IFNA(OFFSET(UNDESA_Data!$G$1,MATCH(D$1&"_"&$A4,UNDESA_Data!$L:$L,0)-1,0),0) -> 0 | E4: =_xlfn.IFNA(OFFSET(UNDESA_Data!$G$1,MATCH(E$1&"_"&$A4,UNDESA_Data!$L:$L,0)-1,0),0) -> 13327 | F4: =_xlfn.IFNA(OFFSET(UNDESA_Data!$G$1,MATCH(F$1&"_"&$A4,UNDESA_Data!$L:$L,0)-1,0),0) -> 6886 | G4: =_xlfn.IFNA(OFFSET(UNDESA_Data!$G$1,MATCH(G$1&"_"&$A4,UNDESA_Data!$L:$L,0)-1,0),0) -> 1889 | H4: =_xlfn.IFNA(OFFSET(UNDESA_Data!$G$1,MATCH(H$1&"_"&$A4,UNDESA_Data!$L:$L,0)-1,0),0) -> 415 | I4: =_xlfn.IFNA(OFFSET(UNDESA_Data!$G$1,MATCH(I$1&"_"&$A4,UNDESA_Data!$L:$L,0)-1,0),0) -> 1101 | ... T4: =_xlfn.IFNA(OFFSET(UNDESA_Data!$G$1,MATCH(T$1&"_"&$A4,UNDESA_Data!$L:$L,0)-1,0),0) -> 4828
A5: Canada | B5: =_xlfn.IFNA(OFFSET(UNDESA_Data!$G$1,MATCH(B$1&"_"&$A5,UNDESA_Data!$L:$L,0)-1,0),0) -> 1110 | C5: =_xlfn.IFNA(OFFSET(UNDESA_Data!$G$1,MATCH(C$1&"_"&$A5,UNDESA_Data!$L:$L,0)-1,0),0) -> 1672 | D5: =_xlfn.IFNA(OFFSET(UNDESA_Data!$G$1,MATCH(D$1&"_"&$A5,UNDESA_Data!$L:$L,0)-1,0),0) -> 1256 | E5: =_xlfn.IFNA(OFFSET(UNDESA_Data!$G$1,MATCH(E$1&"_"&$A5,UNDESA_Data!$L:$L,0)-1,0),0) -> 0 | F5: =_xlfn.IFNA(OFFSET(UNDESA_Data!$G$1,MATCH(F$1&"_"&$A5,UNDESA_Data!$L:$L,0)-1,0),0) -> 0 | G5: =_xlfn.IFNA(OFFSET(UNDESA_Data!$G$1,MATCH(G$1&"_"&$A5,UNDESA_Data!$L:$L,0)-1,0),0) -> 780 | H5: =_xlfn.IFNA(OFFSET(UNDESA_Data!$G$1,MATCH(H$1&"_"&$A5,UNDESA_Data!$L:$L,0)-1,0),0) -> 1074 | I5: =_xlfn.IFNA(OFFSET(UNDESA_Data!$G$1,MATCH(I$1&"_"&$A5,UNDESA_Data!$L:$L,0)-1,0),0) -> 971 | ... T5: =_xlfn.IFNA(OFFSET(UNDESA_Data!$G$1,MATCH(T$1&"_"&$A5,UNDESA_Data!$L:$L,0)-1,0),0) -> 964
A6: Chile | B6: =_xlfn.IFNA(OFFSET(UNDESA_Data!$G$1,MATCH(B$1&"_"&$A6,UNDESA_Data!$L:$L,0)-1,0),0) -> 205945 | C6: =_xlfn.IFNA(OFFSET(UNDESA_Data!$G$1,MATCH(C$1&"_"&$A6,UNDESA_Data!$L:$L,0)-1,0),0) -> 4388 | D6: =_xlfn.IFNA(OFFSET(UNDESA_Data!$G$1,MATCH(D$1&"_"&$A6,UNDESA_Data!$L:$L,0)-1,0),0) -> 17172 | E6: =_xlfn.IFNA(OFFSET(UNDESA_Data!$G$1,MATCH(E$1&"_"&$A6,UNDESA_Data!$L:$L,0)-1,0),0) -> 24970 | F6: =_xlfn.IFNA(OFFSET(UNDESA_Data!$G$1,MATCH(F$1&"_"&$A6,UNDESA_Data!$L:$L,0)-1,0),0) -> 0 | G6: =_xlfn.IFNA(OFFSET(UNDESA_Data!$G$1,MATCH(G$1&"_"&$A6,UNDESA_Data!$L:$L,0)-1,0),0) -> 1761 | H6: =_xlfn.IFNA(OFFSET(UNDESA_Data!$G$1,MATCH(H$1&"_"&$A6,UNDESA_Data!$L:$L,0)-1,0),0) -> 1327 | I6: =_xlfn.IFNA(OFFSET(UNDESA_Data!$G$1,MATCH(I$1&"_"&$A6,UNDESA_Data!$L:$L,0)-1,0),0) -> 4702 | ... T6: =_xlfn.IFNA(OFFSET(UNDESA_Data!$G$1,MATCH(T$1&"_"&$A6,UNDESA_Data!$L:$L,0)-1,0),0) -> 15733
A7: Colombia | B7: =_xlfn.IFNA(OFFSET(UNDESA_Data!$G$1,MATCH(B$1&"_"&$A7,UNDESA_Data!$L:$L,0)-1,0),0) -> 3622 | C7: =_xlfn.IFNA(OFFSET(UNDESA_Data!$G$1,MATCH(C$1&"_"&$A7,UNDESA_Data!$L:$L,0)-1,0),0) -> 1342 | D7: =_xlfn.IFNA(OFFSET(UNDESA_Data!$G$1,MATCH(D$1&"_"&$A7,UNDESA_Data!$L:$L,0)-1,0),0) -> 4169 | E7: =_xlfn.IFNA(OFFSET(UNDESA_Data!$G$1,MATCH(E$1&"_"&$A7,UNDESA_Data!$L:$L,0)-1,0),0) -> 17942 | F7: =_xlfn.IFNA(OFFSET(UNDESA_Data!$G$1,MATCH(F$1&"_"&$A7,UNDESA_Data!$L:$L,0)-1,0),0) -> 3913 | G7: =_xlfn.IFNA(OFFSET(UNDESA_Data!$G$1,MATCH(G$1&"_"&$A7,UNDESA_Data!$L:$L,0)-1,0),0) -> 0 | H7: =_xlfn.IFNA(OFFSET(UNDESA_Data!$G$1,MATCH(H$1&"_"&$A7,UNDESA_Data!$L:$L,0)-1,0),0) -> 5995 | I7: =_xlfn.IFNA(OFFSET(UNDESA_Data!$G$1,MATCH(I$1&"_"&$A7,UNDESA_Data!$L:$L,0)-1,0),0) -> 71556 | ... T7: =_xlfn.IFNA(OFFSET(UNDESA_Data!$G$1,MATCH(T$1&"_"&$A7,UNDESA_Data!$L:$L,0)-1,0),0) -> 617257
A8: Costa Rica | B8: =_xlfn.IFNA(OFFSET(UNDESA_Data!$G$1,MATCH(B$1&"_"&$A8,UNDESA_Data!$L:$L,0)-1,0),0) -> 257 | C8: =_xlfn.IFNA(OFFSET(UNDESA_Data!$G$1,MATCH(C$1&"_"&$A8,UNDESA_Data!$L:$L,0)-1,0),0) -> 141 | D8: =_xlfn.IFNA(OFFSET(UNDESA_Data!$G$1,MATCH(D$1&"_"&$A8,UNDESA_Data!$L:$L,0)-1,0),0) -> 239 | E8: =_xlfn.IFNA(OFFSET(UNDESA_Data!$G$1,MATCH(E$1&"_"&$A8,UNDESA_Data!$L:$L,0)-1,0),0) -> 2476 | F8: =_xlfn.IFNA(OFFSET(UNDESA_Data!$G$1,MATCH(F$1&"_"&$A8,UNDESA_Data!$L:$L,0)-1,0),0) -> 0 | G8: =_xlfn.IFNA(OFFSET(UNDESA_Data!$G$1,MATCH(G$1&"_"&$A8,UNDESA_Data!$L:$L,0)-1,0),0) -> 822 | H8: =_xlfn.IFNA(OFFSET(UNDESA_Data!$G$1,MATCH(H$1&"_"&$A8,UNDESA_Data!$L:$L,0)-1,0),0) -> 0 | I8: =_xlfn.IFNA(OFFSET(UNDESA_Data!$G$1,MATCH(I$1&"_"&$A8,UNDESA_Data!$L:$L,0)-1,0),0) -> 389 | ... T8: =_xlfn.IFNA(OFFSET(UNDESA_Data!$G$1,MATCH(T$1&"_"&$A8,UNDESA_Data!$L:$L,0)-1,0),0) -> 1178
A9: Ecuador | B9: =_xlfn.IFNA(OFFSET(UNDESA_Data!$G$1,MATCH(B$1&"_"&$A9,UNDESA_Data!$L:$L,0)-1,0),0) -> 2004 | C9: =_xlfn.IFNA(OFFSET(UNDESA_Data!$G$1,MATCH(C$1&"_"&$A9,UNDESA_Data!$L:$L,0)-1,0),0) -> 738 | D9: =_xlfn.IFNA(OFFSET(UNDESA_Data!$G$1,MATCH(D$1&"_"&$A9,UNDESA_Data!$L:$L,0)-1,0),0) -> 1191 | E9: =_xlfn.IFNA(OFFSET(UNDESA_Data!$G$1,MATCH(E$1&"_"&$A9,UNDESA_Data!$L:$L,0)-1,0),0) -> 11261 | F9: =_xlfn.IFNA(OFFSET(UNDESA_Data!$G$1,MATCH(F$1&"_"&$A9,UNDESA_Data!$L:$L,0)-1,0),0) -> 8857 | G9: =_xlfn.IFNA(OFFSET(UNDESA_Data!$G$1,MATCH(G$1&"_"&$A9,UNDESA_Data!$L:$L,0)-1,0),0) -> 11964 | H9: =_xlfn.IFNA(OFFSET(UNDESA_Data!$G$1,MATCH(H$1&"_"&$A9,UNDESA_Data!$L:$L,0)-1,0),0) -> 971 | I9: =_xlfn.IFNA(OFFSET(UNDESA_Data!$G$1,MATCH(I$1&"_"&$A9,UNDESA_Data!$L:$L,0)-1,0),0) -> 0 | ... T9: =_xlfn.IFNA(OFFSET(UNDESA_Data!$G$1,MATCH(T$1&"_"&$A9,UNDESA_Data!$L:$L,0)-1,0),0) -> 28999
A10: El Salvador | B10: =_xlfn.IFNA(OFFSET(UNDESA_Data!$G$1,MATCH(B$1&"_"&$A10,UNDESA_Data!$L:$L,0)-1,0),0) -> 156 | C10: =_xlfn.IFNA(OFFSET(UNDESA_Data!$G$1,MATCH(C$1&"_"&$A10,UNDESA_Data!$L:$L,0)-1,0),0) -> 107 | D10: =_xlfn.IFNA(OFFSET(UNDESA_Data!$G$1,MATCH(D$1&"_"&$A10,UNDESA_Data!$L:$L,0)-1,0),0) -> 481 | E10: =_xlfn.IFNA(OFFSET(UNDESA_Data!$G$1,MATCH(E$1&"_"&$A10,UNDESA_Data!$L:$L,0)-1,0),0) -> 38826 | F10: =_xlfn.IFNA(OFFSET(UNDESA_Data!$G$1,MATCH(F$1&"_"&$A10,UNDESA_Data!$L:$L,0)-1,0),0) -> 0 | G10: =_xlfn.IFNA(OFFSET(UNDESA_Data!$G$1,MATCH(G$1&"_"&$A10,UNDESA_Data!$L:$L,0)-1,0),0) -> 315 | H10: =_xlfn.IFNA(OFFSET(UNDESA_Data!$G$1,MATCH(H$1&"_"&$A10,UNDESA_Data!$L:$L,0)-1,0),0) -> 8857 | I10: =_xlfn.IFNA(OFFSET(UNDESA_Data!$G$1,MATCH(I$1&"_"&$A10,UNDESA_Data!$L:$L,0)-1,0),0) -> 217 | ... T10: =_xlfn.IFNA(OFFSET(UNDESA_Data!$G$1,MATCH(T$1&"_"&$A10,UNDESA_Data!$L:$L,0)-1,0),0) -> 908
A11: Guatemala | B11: =_xlfn.IFNA(OFFSET(UNDESA_Data!$G$1,MATCH(B$1&"_"&$A11,UNDESA_Data!$L:$L,0)-1,0),0) -> 201 | C11: =_xlfn.IFNA(OFFSET(UNDESA_Data!$G$1,MATCH(C$1&"_"&$A11,UNDESA_Data!$L:$L,0)-1,0),0) -> 141 | D11: =_xlfn.IFNA(OFFSET(UNDESA_Data!$G$1,MATCH(D$1&"_"&$A11,UNDESA_Data!$L:$L,0)-1,0),0) -> 158 | E11: =_xlfn.IFNA(OFFSET(UNDESA_Data!$G$1,MATCH(E$1&"_"&$A11,UNDESA_Data!$L:$L,0)-1,0),0) -> 13960 | F11: =_xlfn.IFNA(OFFSET(UNDESA_Data!$G$1,MATCH(F$1&"_"&$A11,UNDESA_Data!$L:$L,0)-1,0),0) -> 0 | G11: =_xlfn.IFNA(OFFSET(UNDESA_Data!$G$1,MATCH(G$1&"_"&$A11,UNDESA_Data!$L:$L,0)-1,0),0) -> 346 | H11: =_xlfn.IFNA(OFFSET(UNDESA_Data!$G$1,MATCH(H$1&"_"&$A11,UNDESA_Data!$L:$L,0)-1,0),0) -> 2029 | I11: =_xlfn.IFNA(OFFSET(UNDESA_Data!$G$1,MATCH(I$1&"_"&$A11,UNDESA_Data!$L:$L,0)-1,0),0) -> 179 | ... T11: =_xlfn.IFNA(OFFSET(UNDESA_Data!$G$1,MATCH(T$1&"_"&$A11,UNDESA_Data!$L:$L,0)-1,0),0) -> 433
A12: Honduras | B12: =_xlfn.IFNA(OFFSET(UNDESA_Data!$G$1,MATCH(B$1&"_"&$A12,UNDESA_Data!$L:$L,0)-1,0),0) -> 139 | C12: =_xlfn.IFNA(OFFSET(UNDESA_Data!$G$1,MATCH(C$1&"_"&$A12,UNDESA_Data!$L:$L,0)-1,0),0) -> 197 | D12: =_xlfn.IFNA(OFFSET(UNDESA_Data!$G$1,MATCH(D$1&"_"&$A12,UNDESA_Data!$L:$L,0)-1,0),0) -> 136 | E12: =_xlfn.IFNA(OFFSET(UNDESA_Data!$G$1,MATCH(E$1&"_"&$A12,UNDESA_Data!$L:$L,0)-1,0),0) -> 4462 | F12: =_xlfn.IFNA(OFFSET(UNDESA_Data!$G$1,MATCH(F$1&"_"&$A12,UNDESA_Data!$L:$L,0)-1,0),0) -> 0 | G12: =_xlfn.IFNA(OFFSET(UNDESA_Data!$G$1,MATCH(G$1&"_"&$A12,UNDESA_Data!$L:$L,0)-1,0),0) -> 286 | H12: =_xlfn.IFNA(OFFSET(UNDESA_Data!$G$1,MATCH(H$1&"_"&$A12,UNDESA_Data!$L:$L,0)-1,0),0) -> 2994 | I12: =_xlfn.IFNA(OFFSET(UNDESA_Data!$G$1,MATCH(I$1&"_"&$A12,UNDESA_Data!$L:$L,0)-1,0),0) -> 195 | ... T12: =_xlfn.IFNA(OFFSET(UNDESA_Data!$G$1,MATCH(T$1&"_"&$A12,UNDESA_Data!$L:$L,0)-1,0),0) -> 309
A13: Mexico | B13: =_xlfn.IFNA(OFFSET(UNDESA_Data!$G$1,MATCH(B$1&"_"&$A13,UNDESA_Data!$L:$L,0)-1,0),0) -> 3040 | C13: =_xlfn.IFNA(OFFSET(UNDESA_Data!$G$1,MATCH(C$1&"_"&$A13,UNDESA_Data!$L:$L,0)-1,0),0) -> 9323 | D13: =_xlfn.IFNA(OFFSET(UNDESA_Data!$G$1,MATCH(D$1&"_"&$A13,UNDESA_Data!$L:$L,0)-1,0),0) -> 1261 | E13: =_xlfn.IFNA(OFFSET(UNDESA_Data!$G$1,MATCH(E$1&"_"&$A13,UNDESA_Data!$L:$L,0)-1,0),0) -> 42332 | F13: =_xlfn.IFNA(OFFSET(UNDESA_Data!$G$1,MATCH(F$1&"_"&$A13,UNDESA_Data!$L:$L,0)-1,0),0) -> 1700 | G13: =_xlfn.IFNA(OFFSET(UNDESA_Data!$G$1,MATCH(G$1&"_"&$A13,UNDESA_Data!$L:$L,0)-1,0),0) -> 2236 | H13: =_xlfn.IFNA(OFFSET(UNDESA_Data!$G$1,MATCH(H$1&"_"&$A13,UNDESA_Data!$L:$L,0)-1,0),0) -> 2365 | I13: =_xlfn.IFNA(OFFSET(UNDESA_Data!$G$1,MATCH(I$1&"_"&$A13,UNDESA_Data!$L:$L,0)-1,0),0) -> 937 | ... T13: =_xlfn.IFNA(OFFSET(UNDESA_Data!$G$1,MATCH(T$1&"_"&$A13,UNDESA_Data!$L:$L,0)-1,0),0) -> 3115
... A20: Venezuela | B20: =_xlfn.IFNA(OFFSET(UNDESA_Data!$G$1,MATCH(B$1&"_"&$A20,UNDESA_Data!$L:$L,0)-1,0),0) -> 2600 | C20: =_xlfn.IFNA(OFFSET(UNDESA_Data!$G$1,MATCH(C$1&"_"&$A20,UNDESA_Data!$L:$L,0)-1,0),0) -> 543 | D20: =_xlfn.IFNA(OFFSET(UNDESA_Data!$G$1,MATCH(D$1&"_"&$A20,UNDESA_Data!$L:$L,0)-1,0),0) -> 2167 | E20: =_xlfn.IFNA(OFFSET(UNDESA_Data!$G$1,MATCH(E$1&"_"&$A20,UNDESA_Data!$L:$L,0)-1,0),0) -> 7958 | F20: =_xlfn.IFNA(OFFSET(UNDESA_Data!$G$1,MATCH(F$1&"_"&$A20,UNDESA_Data!$L:$L,0)-1,0),0) -> 4044 | G20: =_xlfn.IFNA(OFFSET(UNDESA_Data!$G$1,MATCH(G$1&"_"&$A20,UNDESA_Data!$L:$L,0)-1,0),0) -> 37200 | H20: =_xlfn.IFNA(OFFSET(UNDESA_Data!$G$1,MATCH(H$1&"_"&$A20,UNDESA_Data!$L:$L,0)-1,0),0) -> 1054 | I20: =_xlfn.IFNA(OFFSET(UNDESA_Data!$G$1,MATCH(I$1&"_"&$A20,UNDESA_Data!$L:$L,0)-1,0),0) -> 3691 | ... T20: =_xlfn.IFNA(OFFSET(UNDESA_Data!$G$1,MATCH(T$1&"_"&$A20,UNDESA_Data!$L:$L,0)-1,0),0) -> 0

Sheet UNDESA_Data
A1: Index | B1: Region, development group, country or area of destination | C1: Notes of destination | D1: Region, development group, country or area of origin | E1: 1990 | F1: 1995 | G1: 2000 | H1: 2005 | I1: 2010 | J1: 2015 | K1: 2020 | L1: Matching
A2: 31582 | B2: Argentina | D2: Bolivia | E2: 147234 | F2: 186685 | G2: 226137 | H2: 294672 | I2: 363142 | J2: 419048 | K2: 423136 | L2: =TRIM(B2)&"_"&TRIM(D2) -> Argentina_Bolivia
A3: 31583 | B3: Argentina | D3: Brazil | E3: 34359 | F3: 33642 | G3: 32925 | H3: 37609 | I3: 42283 | J3: 48792 | K3: 49267 | L3: =TRIM(B3)&"_"&TRIM(D3) -> Argentina_Brazil
A4: 31590 | B4: Argentina | D4: Canada | E4: 796 | F4: 953 | G4: 1110 | H4: 820 | I4: 528 | J4: 530 | K4: 535 | L4: =TRIM(B4)&"_"&TRIM(D4) -> Argentina_Canada
A5: 31593 | B5: Argentina | D5: Chile | E5: 223528 | F5: 214736 | G5: 205945 | H5: 195338 | I5: 184687 | J5: 213119 | K5: 215198 | L5: =TRIM(B5)&"_"&TRIM(D5) -> Argentina_Chile
A6: 31595 | B6: Argentina | D6: Colombia | E6: 2702 | F6: 3162 | G6: 3622 | H6: 2673 | I6: 1722 | J6: 8640 | K6: 8723 | L6: =TRIM(B6)&"_"&TRIM(D6) -> Argentina_Colombia
A7: 31597 | B7: Argentina | D7: Costa Rica | E7: 462 | F7: 359 | G7: 257 | H7: 191 | I7: 123 | J7: 123 | K7: 124 | L7: =TRIM(B7)&"_"&TRIM(D7) -> Argentina_Costa Rica
A8: 31605 | B8: Argentina | D8: Ecuador | E8: 999 | F8: 1501 | G8: 2004 | H8: 1479 | I8: 952 | J8: 955 | K8: 963 | L8: =TRIM(B8)&"_"&TRIM(D8) -> Argentina_Ecuador
A9: 31606 | B9: Argentina | D9: El Salvador | E9: 182 | F9: 169 | G9: 156 | H9: 116 | I9: 73 | J9: 73 | K9: 74 | L9: =TRIM(B9)&"_"&TRIM(D9) -> Argentina_El Salvador
A10: 31617 | B10: Argentina | D10: Guatemala | E10: 116 | F10: 158 | G10: 201 | H10: 150 | I10: 96 | J10: 96 | K10: 96 | L10: =TRIM(B10)&"_"&TRIM(D10) -> Argentina_Guatemala
A11: 31620 | B11: Argentina | D11: Honduras | E11: 141 | F11: 140 | G11: 139 | H11: 104 | I11: 66 | J11: 66 | K11: 66 | L11: =TRIM(B11)&"_"&TRIM(D11) -> Argentina_Honduras
A12: 31648 | B12: Argentina | D12: Mexico | E12: 2332 | F12: 2686 | G12: 3040 | H12: 2244 | I12: 1445 | J12: 1450 | K12: 1463 | L12: =TRIM(B12)&"_"&TRIM(D12) -> Argentina_Mexico
A13: 31658 | B13: Argentina | D13: Nicaragua | E13: 145 | F13: 167 | G13: 190 | H13: 142 | I13: 91 | J13: 91 | K13: 91 | L13: =TRIM(B13)&"_"&TRIM(D13) -> Argentina_Nicaragua
... A269: 32792 | B269: Peru | D269: Venezuela | E269: 2019 | F269: 2021 | G269: 2362 | H269: 2794 | I269: 3504 | J269: 4129 | K269: 941889 | L269: =TRIM(B269)&"_"&TRIM(D269) -> Peru_Venezuela
A270: 33863 | B270: United States | C270: 33 | D270: Argentina | E270: 92563 | F270: 110347 | G270: 128397 | H270: 152739 | I270: 182404 | J270: 199314 | K270: 219448 | L270: =TRIM(B270)&"_"&TRIM(D270) -> United States_Argentina
A271: 33876 | B271: United States | C271: 33 | D271: Bolivia | E271: 31303 | F271: 42856 | G271: 54630 | H271: 66661 | I271: 81051 | J271: 86529 | K271: 80028 | L271: =TRIM(B271)&"_"&TRIM(D271) -> United States_Bolivia
A272: 33878 | B272: United States | C272: 33 | D272: Brazil | E272: 82489 | F272: 149432 | G272: 217822 | H272: 280274 | I272: 352957 | J272: 361374 | K272: 517519 | L272: =TRIM(B272)&"_"&TRIM(D272) -> United States_Brazil
A273: 33882 | B273: United States | C273: 33 | D273: Canada | E273: 744830 | F273: 793278 | G273: 841612 | H273: 842344 | I273: 868967 | J273: 830628 | K273: 793897 | L273: =TRIM(B273)&"_"&TRIM(D273) -> United States_Canada
A274: 33884 | B274: United States | C274: 33 | D274: Chile | E274: 55681 | F274: 69155 | G274: 82855 | H274: 87860 | I274: 95695 | J274: 106717 | K274: 89714 | L274: =TRIM(B274)&"_"&TRIM(D274) -> United States_Chile
A275: 33888 | B275: United States | C275: 33 | D275: Colombia | E275: 286124 | F275: 403325 | G275: 522819 | H275: 580965 | I275: 658465 | J275: 699399 | K275: 817604 | L275: =TRIM(B275)&"_"&TRIM(D275) -> United States_Colombia
A276: 33889 | B276: United States | C276: 33 | D276: Costa Rica | E276: 43530 | F276: 58472 | G276: 73694 | H276: 80856 | I276: 90687 | J276: 91939 | K276: 96903 | L276: =TRIM(B276)&"_"&TRIM(D276) -> United States_Costa Rica
A277: 33899 | B277: United States | C277: 33 | D277: Ecuador | E277: 143314 | F277: 223927 | G277: 306208 | H277: 364358 | I277: 435209 | J277: 478039 | K277: 425294 | L277: =TRIM(B277)&"_"&TRIM(D277) -> United States_Ecuador
A278: 33901 | B278: United States | C278: 33 | D278: El Salvador | E278: 465433 | F278: 649970 | G278: 838090 | H278: 997858 | I278: 1192423 | J278: 1352357 | K278: 1410659 | L278: =TRIM(B278)&"_"&TRIM(D278) -> United States_El Salvador
A279: 33914 | B279: United States | C279: 33 | D279: Guatemala | E279: 225739 | F279: 357929 | G279: 492870 | H279: 643349 | I279: 817495 | J279: 991516 | K279: 1226849 | L279: =TRIM(B279)&"_"&TRIM(D279) -> United States_Guatemala
A280: 33918 | B280: United States | C280: 33 | D280: Honduras | E280: 108923 | F280: 198509 | G280: 290034 | H280: 383822 | I280: 491834 | J280: 607457 | K280: 773045 | L280: =TRIM(B280)&"_"&TRIM(D280) -> United States_Honduras
A281: 33945 | B281: United States | C281: 33 | D281: Mexico | E281: 4298014 | F281: 6827945 | G281: 9410529 | H281: 10611064 | I281: 12168662 | J281: 11643298 | K281: 10853105 | L281: =TRIM(B281)&"_"&TRIM(D281) -> United States_Mexico
... A287: 34002 | B287: United States | C287: 33 | D287: Venezuela | E287: 42119 | F287: 75572 | G287: 109748 | H287: 142706 | I287: 180905 | J287: 236264 | K287: 505647 | L287: =TRIM(B287)&"_"&TRIM(D287) -> United States_Venezuela
A288: 32895 | B288: Uruguay | D288: Argentina | E288: 14559 | F288: 17970 | G288: 21691 | H288: 25992 | I288: 26782 | J288: 27662 | K288: 33022 | L288: =TRIM(B288)&"_"&TRIM(D288) -> Uruguay_Argentina
A289: 32896 | B289: Uruguay | D289: Brazil | E289: 10581 | F289: 11084 | G289: 11507 | H289: 12923 | I289: 11978 | J289: 12369 | K289: 14762 | L289: =TRIM(B289)&"_"&TRIM(D289) -> Uruguay_Brazil
A290: 32897 | B290: Uruguay | D290: Canada | E290: 427 | F290: 389 | G290: 355 | H290: 328 | I290: 304 | J290: 313 | K290: 372 | L290: =TRIM(B290)&"_"&TRIM(D290) -> Uruguay_Canada
A291: 32898 | B291: Uruguay | D291: Chile | E291: 1161 | F291: 1299 | G291: 1455 | H291: 1347 | I291: 1248 | J291: 1288 | K291: 1536 | L291: =TRIM(B291)&"_"&TRIM(D291) -> Uruguay_Chile
A292: 32902 | B292: Uruguay | D292: Mexico | E292: 719 | F292: 657 | G292: 602 | H292: 557 | I292: 516 | J292: 532 | K292: 635 | L292: =TRIM(B292)&"_"&TRIM(D292) -> Uruguay_Mexico
A293: 32903 | B293: Uruguay | D293: Paraguay | E293: 1241 | F293: 1199 | G293: 1160 | H293: 1074 | I293: 995 | J293: 1027 | K293: 1225 | L293: =TRIM(B293)&"_"&TRIM(D293) -> Uruguay_Paraguay
A294: 32904 | B294: Uruguay | D294: Peru | E294: 555 | F294: 240 | G294: 104 | H294: 96 | I294: 88 | J294: 90 | K294: 106 | L294: =TRIM(B294)&"_"&TRIM(D294) -> Uruguay_Peru
A295: 32910 | B295: Uruguay | D295: United States | E295: 1525 | F295: 1036 | G295: 705 | H295: 652 | I295: 604 | J295: 623 | K295: 743 | L295: =TRIM(B295)&"_"&TRIM(D295) -> Uruguay_United States
A296: 32911 | B296: Uruguay | D296: Venezuela | E296: 773 | F296: 713 | G296: 659 | H296: 610 | I296: 565 | J296: 583 | K296: 14908 | L296: =TRIM(B296)&"_"&TRIM(D296) -> Uruguay_Venezuela
A297: 32964 | B297: Venezuela | D297: Argentina | E297: 9483 | F297: 9138 | G297: 8724 | H297: 9078 | I297: 9542 | J297: 9944 | K297: 9374 | L297: =TRIM(B297)&"_"&TRIM(D297) -> Venezuela_Argentina
A298: 32970 | B298: Venezuela | D298: Bolivia | E298: 2224 | F298: 2031 | G298: 1838 | H298: 1864 | I298: 1910 | J298: 1967 | K298: 1853 | L298: =TRIM(B298)&"_"&TRIM(D298) -> Venezuela_Bolivia
A299: 32972 | B299: Venezuela | D299: Brazil | E299: 4323 | F299: 4590 | G299: 4828 | H299: 5214 | I299: 5689 | J299: 6026 | K299: 5680 | L299: =TRIM(B299)&"_"&TRIM(D299) -> Venezuela_Brazil
... A314: 33073 | B314: Venezuela | D314: Uruguay | E314: 6076 | F314: 5364 | G314: 4692 | H314: 4672 | I314: 4700 | J314: 4795 | K314: 4519 | L314: =TRIM(B314)&"_"&TRIM(D314) -> Venezuela_Uruguay
